Workbook

Sheet README
A1: 📋 WORKBOOK GUIDE ─ Spreadsheets for Data Handling Training
A3: Sheet Overview
A4: Orders_Raw | B4: 30 rows of intentionally messy order data. Use this for cleaning, sorting, filtering & functions.
A5: Products | B5: 6-row product reference table. Use this as the lookup range for VLOOKUP / XLOOKUP.
A6: Customers | B6: 10-row customer reference. Explore tier data and practice joins with Order data.
A7: Analysis | B7: Pre-built formulas demonstrating SUM, IF, VLOOKUP, XLOOKUP. Study and extend these.
A8: README | B8: This sheet. Keep open as a reference while working.
A10: Intentional Data Quality Issues to Find & Fix
A11: ▸ Row 6 (ORD-1006): Date in MM/DD/YYYY format instead of YYYY-MM-DD
A12: ▸ Row 6 (ORD-1006): Status is lowercase 'shipped' — should be 'Shipped'
A13: ▸ Row 6 (ORD-1006): Quantity is stored as TEXT '7' (highlighted orange) — convert with VALUE()
A14: ▸ Rows 1, 7, 24 (Alice, Grace, Wendy): Customer names have leading/trailing spaces — fix with TRIM()
A15: ▸ Rows 2, 13, 25 (Bob, Liam, Xander): Names in ALL CAPS — fix with PROPER()
A16: ▸ Row 11 (ORD-1011): Duplicate of Row 1 — use Remove Duplicates
A17: ▸ Row 18 (ORD-1018): Date in MM/DD/YYYY format — highlighted orange
A18: ▸ Rows 3, 8, 15 (carol, henry, noah): Names in all lowercase — fix with PROPER()
A20: Key Formulas Quick Reference
A21: Function | B21: Example | D21: What It Does
A22: SUM | B22: =SUM(F2:F31) | D22: Total of a range
A23: AVERAGE | B23: =AVERAGE(G2:G31) | D23: Mean of numeric values
A24: COUNTIF | B24: =COUNTIF(H2:H31,"Shipped") | D24: Count cells matching a condition
A25: IF | B25: =IF(F2>=10,"Large","Small") | D25: Return value based on condition
A26: TRIM | B26: =TRIM(C2) | D26: Remove extra spaces
A27: PROPER | B27: =PROPER(C2) | D27: Fix capitalisation
A28: VALUE | B28: =VALUE(F2) | D28: Convert text number to real number
A29: IFERROR | B29: =IFERROR(VLOOKUP(...),"Not Found") | D29: Trap errors gracefully
A30: VLOOKUP | B30: =VLOOKUP(E2,Products!$A:$F,2,FALSE) | D30: Look up value in a table (left-to-right)
A31: XLOOKUP | B31: =XLOOKUP(E2,Products!$A:$A,Products!$C:$C) | D31: Modern flexible lookup

Sheet Orders_Raw
A1: Order_ID | B1: Order_Date | C1: Customer_Name | D1: Region | E1: Product_ID | F1: Quantity | G1: Unit_Price | H1: Status | I1: Notes | J1: TotalRevenue | K1: TotalRevenue - without formula | L1: CustomerName - Trimmed | M1: CustomerName - Upper | N1: Quantity Categorisation | O1: Quantity Categorisation - Nested if | P1: Quantity in Mumbers | Q1: Unit_Price*3 | R1: Product Name
A2: ORD-1001 | B2: 2024-01-05 | C2: Alice Johnson | D2: North | E2: PRD-A01 | F2: 10 | G2: 49.99 | H2: Shipped | J2: {=(F2:F31*G2:G31)} -> 499.9 | K2: 499.9 | L2: {=TRIM(C2:C31)} -> Alice Johnson | M2: {=UPPER(_xlfn.ANCHORARRAY(L2))} -> ALICE JOHNSON | N2: =IF(F2>=10,"Large","Small") -> Large | O2: =IF(F2>=10,"Large",IF(F2>=5,"Medium","Small")) -> Large | P2: =VALUE(F2) -> 10 | Q2: =G2*3 -> 149.97 | R2: =VLOOKUP(E2,Products!$A:$F,2,FALSE) -> Wireless Headphones
A3: ORD-1002 | B3: 2024-01-08 | C3: BOB SMITH | D3: South | E3: PRD-B02 | F3: 5 | G3: 120 | H3: Pending | I3: Rush order | J3: 600 | K3: 600 | L3: BOB SMITH | M3: BOB SMITH | N3: =IF(F3>=10,"Large","Small") -> Small | O3: =IF(F3>=10,"Large",IF(F3>=5,"Medium","Small")) -> Medium | P3: =VALUE(F3) -> 5 | Q3: =G3*3 -> 360 | R3: =VLOOKUP(E3,Products!$A:$F,2,FALSE) -> Standing Desk
A4: ORD-1003 | B4: 2024-01-10 | C4: carol white | D4: East | E4: PRD-C03 | F4: 8 | G4: 75.5 | H4: Delivered | J4: 604 | K4: 604 | L4: carol white | M4: CAROL WHITE | N4: =IF(F4>=10,"Large","Small") -> Small | O4: =IF(F4>=10,"Large",IF(F4>=5,"Medium","Small")) -> Medium | P4: =VALUE(F4) -> 8 | Q4: =G4*3 -> 226.5 | R4: =VLOOKUP(E4,Products!$A:$F,2,FALSE) -> Ergonomic Chair
A5: ORD-1004 | B5: 2024-01-15 | C5: David Lee | D5: West | E5: PRD-A01 | F5: 12 | G5: 49.99 | H5: Shipped | J5: 599.88 | K5: 599.88 | L5: David Lee | M5: DAVID LEE | N5: =IF(F5>=10,"Large","Small") -> Large | O5: =IF(F5>=10,"Large",IF(F5>=5,"Medium","Small")) -> Large | P5: =VALUE(F5) -> 12 | Q5: =G5*3 -> 149.97 | R5: =VLOOKUP(E5,Products!$A:$F,2,FALSE) -> Wireless Headphones
A6: ORD-1005 | B6: 2024-01-18 | C6: Emma Brown | D6: North | E6: PRD-D04 | F6: 3 | G6: 200 | H6: Cancelled | I6: Customer request | J6: 600 | K6: 600 | L6: Emma Brown | M6: EMMA BROWN | N6: =IF(F6>=10,"Large","Small") -> Small | O6: =IF(F6>=10,"Large",IF(F6>=5,"Medium","Small")) -> Small | P6: =VALUE(F6) -> 3 | Q6: =G6*3 -> 600 | R6: =VLOOKUP(E6,Products!$A:$F,2,FALSE) -> 4K Monitor
A7: ORD-1006 | B7: 01/22/2024 | C7: FRANK MILLER | D7: SOUTH | E7: PRD-B02 | F7: 7 | G7: 120 | H7: shipped | J7: 840 | K7: 840 | L7: FRANK MILLER | M7: FRANK MILLER | N7: =IF(F7>=10,"Large","Small") -> Large | O7: =IF(F7>=10,"Large",IF(F7>=5,"Medium","Small")) -> Large | P7: =VALUE(F7) -> 7 | Q7: =G7*3 -> 360 | R7: =VLOOKUP(E7,Products!$A:$F,2,FALSE) -> Standing Desk
A8: ORD-1007 | B8: 2024-01-25 | C8: Grace Kim | D8: East | E8: PRD-C03 | F8: 6 | G8: 75.5 | H8: Delivered | J8: 453 | K8: 453 | L8: Grace Kim | M8: GRACE KIM | N8: =IF(F8>=10,"Large","Small") -> Small | O8: =IF(F8>=10,"Large",IF(F8>=5,"Medium","Small")) -> Medium | P8: =VALUE(F8) -> 6 | Q8: =G8*3 -> 226.5 | R8: =VLOOKUP(E8,Products!$A:$F,2,FALSE) -> Ergonomic Chair | U8: E3,Products!$A:$F,2,FALSE - Meaning, E3 is the cell for i/p, Products sheet from cell A to F should be considered for searching o/p value, 2nd column from products sheet,False means donot take only the exact match).
A9: ORD-1008 | B9: 2024-01-28 | C9: henry jones | D9: West | E9: PRD-E05 | F9: 15 | G9: 35 | H9: Pending | J9: 525 | K9: 525 | L9: henry jones | M9: HENRY JONES | N9: =IF(F9>=10,"Large","Small") -> Large | O9: =IF(F9>=10,"Large",IF(F9>=5,"Medium","Small")) -> Large | P9: =VALUE(F9) -> 15 | Q9: =G9*3 -> 105 | R9: =VLOOKUP(E9,Products!$A:$F,2,FALSE) -> USB Hub
A10: ORD-1009 | B10: 2024-02-01 | C10: Isabel Tan | D10: North | E10: PRD-A01 | F10: 9 | G10: 49.99 | H10: Shipped | J10: 449.91 | K10: 449.91 | L10: Isabel Tan | M10: ISABEL TAN | N10: =IF(F10>=10,"Large","Small") -> Small | O10: =IF(F10>=10,"Large",IF(F10>=5,"Medium","Small")) -> Medium | P10: =VALUE(F10) -> 9 | Q10: =G10*3 -> 149.97 | R10: =VLOOKUP(E10,Products!$A:$F,2,FALSE) -> Wireless Headphones
A11: ORD-1010 | B11: 2024-02-03 | C11: James Wu | D11: South | E11: PRD-D04 | F11: 4 | G11: 200 | H11: Delivered | I11: VIP | J11: 800 | K11: 800 | L11: James Wu | M11: JAMES WU | N11: =IF(F11>=10,"Large","Small") -> Small | O11: =IF(F11>=10,"Large",IF(F11>=5,"Medium","Small")) -> Small | P11: =VALUE(F11) -> 4 | Q11: =G11*3 -> 600 | R11: =VLOOKUP(E11,Products!$A:$F,2,FALSE) -> 4K Monitor
A12: ORD-1011 | B12: 2024-02-07 | C12: Alice Johnson | D12: North | E12: PRD-A01 | F12: 10 | G12: 49.99 | H12: Shipped | J12: 499.9 | K12: 499.9 | L12: Alice Johnson | M12: ALICE JOHNSON | N12: =IF(F12>=10,"Large","Small") -> Large | O12: =IF(F12>=10,"Large",IF(F12>=5,"Medium","Small")) -> Large | P12: =VALUE(F12) -> 10 | Q12: =G12*3 -> 149.97 | R12: =VLOOKUP(E12,Products!$A:$F,2,FALSE) -> Wireless Headphones
A13: ORD-1012 | B13: 2024-02-10 | C13: Karen Patel | D13: East | E13: PRD-F06 | F13: 20 | G13: 22 | H13: Pending | J13: 440 | K13: 440 | L13: Karen Patel | M13: KAREN PATEL | N13: =IF(F13>=10,"Large","Small") -> Large | O13: =IF(F13>=10,"Large",IF(F13>=5,"Medium","Small")) -> Large | P13: =VALUE(F13) -> 20 | Q13: =G13*3 -> 66 | R13: =VLOOKUP(E13,Products!$A:$F,2,FALSE) -> Notebook (A5)
A14: ORD-1013 | B14: 2024-02-12 | C14: LIAM CHEN | D14: West | E14: PRD-B02 | F14: 8 | G14: 120 | H14: Shipped | J14: 960 | K14: 960 | L14: LIAM CHEN | M14: LIAM CHEN | N14: =IF(F14>=10,"Large","Small") -> Small | O14: =IF(F14>=10,"Large",IF(F14>=5,"Medium","Small")) -> Medium | P14: =VALUE(F14) -> 8 | Q14: =G14*3 -> 360 | R14: =VLOOKUP(E14,Products!$A:$F,2,FALSE) -> Standing Desk
A15: ORD-1014 | B15: 2024-02-15 | C15: Mia Russo | D15: North | E15: PRD-C03 | F15: 11 | G15: 75.5 | H15: Delivered | J15: 830.5 | K15: 830.5 | L15: Mia Russo | M15: MIA RUSSO | N15: =IF(F15>=10,"Large","Small") -> Large | O15: =IF(F15>=10,"Large",IF(F15>=5,"Medium","Small")) -> Large | P15: =VALUE(F15) -> 11 | Q15: =G15*3 -> 226.5 | R15: =VLOOKUP(E15,Products!$A:$F,2,FALSE) -> Ergonomic Chair
A16: ORD-1015 | B16: 2024-02-18 | C16: noah kim | D16: South | E16: PRD-E05 | F16: 6 | G16: 35 | H16: Cancelled | I16: Out of stock | J16: 210 | K16: 210 | L16: noah kim | M16: NOAH KIM | N16: =IF(F16>=10,"Large","Small") -> Small | O16: =IF(F16>=10,"Large",IF(F16>=5,"Medium","Small")) -> Medium | P16: =VALUE(F16) -> 6 | Q16: =G16*3 -> 105 | R16: =VLOOKUP(E16,Products!$A:$F,2,FALSE) -> USB Hub
A17: ORD-1016 | B17: 2024-02-20 | C17: Olivia Park | D17: East | E17: PRD-D04 | F17: 7 | G17: 200 | H17: Shipped | J17: 1400 | K17: 1400 | L17: Olivia Park | M17: OLIVIA PARK | N17: =IF(F17>=10,"Large","Small") -> Small | O17: =IF(F17>=10,"Large",IF(F17>=5,"Medium","Small")) -> Medium | P17: =VALUE(F17) -> 7 | Q17: =G17*3 -> 600 | R17: =VLOOKUP(E17,Products!$A:$F,2,FALSE) -> 4K Monitor
A18: ORD-1017 | B18: 2024-02-22 | C18: Peter Grant | D18: West | E18: PRD-F06 | F18: 25 | G18: 22 | H18: Pending | J18: 550 | K18: 550 | L18: Peter Grant | M18: PETER GRANT | N18: =IF(F18>=10,"Large","Small") -> Large | O18: =IF(F18>=10,"Large",IF(F18>=5,"Medium","Small")) -> Large | P18: =VALUE(F18) -> 25 | Q18: =G18*3 -> 66 | R18: =VLOOKUP(E18,Products!$A:$F,2,FALSE) -> Notebook (A5)
A19: ORD-1018 | B19: 02/25/2024 | C19: Quinn Adams | D19: North | E19: PRD-A01 | F19: 5 | G19: 49.99 | H19: Delivered | J19: 249.95 | K19: 249.95 | L19: Quinn Adams | M19: QUINN ADAMS | N19: =IF(F19>=10,"Large","Small") -> Small | O19: =IF(F19>=10,"Large",IF(F19>=5,"Medium","Small")) -> Medium | P19: =VALUE(F19) -> 5 | Q19: =G19*3 -> 149.97 | R19: =VLOOKUP(E19,Products!$A:$F,2,FALSE) -> Wireless Headphones
A20: ORD-1019 | B20: 2024-03-01 | C20: Rachel Scott | D20: South | E20: PRD-B02 | F20: 14 | G20: 120 | H20: Shipped | J20: 1680 | K20: 1680 | L20: Rachel Scott | M20: RACHEL SCOTT | N20: =IF(F20>=10,"Large","Small") -> Large | O20: =IF(F20>=10,"Large",IF(F20>=5,"Medium","Small")) -> Large | P20: =VALUE(F20) -> 14 | Q20: =G20*3 -> 360 | R20: =VLOOKUP(E20,Products!$A:$F,2,FALSE) -> Standing Desk
A21: ORD-1020 | B21: 2024-03-04 | C21: Sam Torres | D21: East | E21: PRD-C03 | F21: 9 | G21: 75.5 | H21: Delivered | J21: 679.5 | K21: 679.5 | L21: Sam Torres | M21: SAM TORRES | N21: =IF(F21>=10,"Large","Small") -> Small | O21: =IF(F21>=10,"Large",IF(F21>=5,"Medium","Small")) -> Medium | P21: =VALUE(F21) -> 9 | Q21: =G21*3 -> 226.5 | R21: =VLOOKUP(E21,Products!$A:$F,2,FALSE) -> Ergonomic Chair
A22: ORD-1021 | B22: 2024-03-06 | C22: Tina Bell | D22: West | E22: PRD-E05 | F22: 3 | G22: 35 | H22: Pending | J22: 105 | K22: 105 | L22: Tina Bell | M22: TINA BELL | N22: =IF(F22>=10,"Large","Small") -> Small | O22: =IF(F22>=10,"Large",IF(F22>=5,"Medium","Small")) -> Small | P22: =VALUE(F22) -> 3 | Q22: =G22*3 -> 105 | R22: =VLOOKUP(E22,Products!$A:$F,2,FALSE) -> USB Hub
A23: ORD-1022 | B23: 2024-03-10 | C23: Uma Singh | D23: North | E23: PRD-D04 | F23: 6 | G23: 200 | H23: Shipped | J23: 1200 | K23: 1200 | L23: Uma Singh | M23: UMA SINGH | N23: =IF(F23>=10,"Large","Small") -> Small | O23: =IF(F23>=10,"Large",IF(F23>=5,"Medium","Small")) -> Medium | P23: =VALUE(F23) -> 6 | Q23: =G23*3 -> 600 | R23: =VLOOKUP(E23,Products!$A:$F,2,FALSE) -> 4K Monitor
A24: ORD-1023 | B24: 2024-03-12 | C24: Victor Ng | D24: South | E24: PRD-F06 | F24: 18 | G24: 22 | H24: Cancelled | J24: 396 | K24: 396 | L24: Victor Ng | M24: VICTOR NG | N24: =IF(F24>=10,"Large","Small") -> Large | O24: =IF(F24>=10,"Large",IF(F24>=5,"Medium","Small")) -> Large | P24: =VALUE(F24) -> 18 | Q24: =G24*3 -> 66 | R24: =VLOOKUP(E24,Products!$A:$F,2,FALSE) -> Notebook (A5)
A25: ORD-1024 | B25: 2024-03-15 | C25: Wendy Fox | D25: East | E25: PRD-A01 | F25: 7 | G25: 49.99 | H25: Delivered | J25: 349.93 | K25: 349.93 | L25: Wendy Fox | M25: WENDY FOX | N25: =IF(F25>=10,"Large","Small") -> Small | O25: =IF(F25>=10,"Large",IF(F25>=5,"Medium","Small")) -> Medium | P25: =VALUE(F25) -> 7 | Q25: =G25*3 -> 149.97 | R25: =VLOOKUP(E25,Products!$A:$F,2,FALSE) -> Wireless Headphones
A26: ORD-1025 | B26: 2024-03-18 | C26: XANDER HILL | D26: West | E26: PRD-B02 | F26: 10 | G26: 120 | H26: Shipped | J26: 1200 | K26: 1200 | L26: XANDER HILL | M26: XANDER HILL | N26: =IF(F26>=10,"Large","Small") -> Large | O26: =IF(F26>=10,"Large",IF(F26>=5,"Medium","Small")) -> Large | P26: =VALUE(F26) -> 10 | Q26: =G26*3 -> 360 | R26: =VLOOKUP(E26,Products!$A:$F,2,FALSE) -> Standing Desk
A27: ORD-1026 | B27: 2024-03-20 | C27: Yara Osei | D27: North | E27: PRD-C03 | F27: 4 | G27: 75.5 | H27: Pending | J27: 302 | K27: 302 | L27: Yara Osei | M27: YARA OSEI | N27: =IF(F27>=10,"Large","Small") -> Small | O27: =IF(F27>=10,"Large",IF(F27>=5,"Medium","Small")) -> Small | P27: =VALUE(F27) -> 4 | Q27: =G27*3 -> 226.5 | R27: =VLOOKUP(E27,Products!$A:$F,2,FALSE) -> Ergonomic Chair
A28: ORD-1027 | B28: 2024-03-22 | C28: Zoe Clark | D28: South | E28: PRD-D04 | F28: 8 | G28: 200 | H28: Delivered | J28: 1600 | K28: 1600 | L28: Zoe Clark | M28: ZOE CLARK | N28: =IF(F28>=10,"Large","Small") -> Small | O28: =IF(F28>=10,"Large",IF(F28>=5,"Medium","Small")) -> Medium | P28: =VALUE(F28) -> 8 | Q28: =G28*3 -> 600 | R28: =VLOOKUP(E28,Products!$A:$F,2,FALSE) -> 4K Monitor
... A31: ORD-1030 | B31: 2024-03-30 | C31: Carol White | D31: East | E31: PRD-A01 | F31: 5 | G31: 49.99 | H31: Delivered | J31: 249.95 | K31: 249.95 | L31: Carol White | M31: CAROL WHITE | N31: =IF(F31>=10,"Large","Small") -> Small | O31: =IF(F31>=10,"Large",IF(F31>=5,"Medium","Small")) -> Medium | P31: =VALUE(F31) -> 5 | Q31: =G31*3 -> 149.97 | R31: =VLOOKUP(E31,Products!$A:$F,2,FALSE) -> Wireless Headphones
A34: Total Orders | B34: =COUNTA(A2:A31) -> 30
A35: Max Quantity | B35: =MAX(F2:F31) -> 25
A36: Min Quantity | B36: =MIN(F2:F31) -> 3
A37: Total orders Shipped | B37: =COUNTIF(H2:H31,"Shipped") -> 11

Sheet Products
A1: Product_ID | B1: Product_Name | C1: Category | D1: Unit_Price | E1: Stock_Qty | F1: Supplier
A2: PRD-A01 | B2: Wireless Headphones | C2: Electronics | D2: 49.99 | E2: 320 | F2: TechSupply Co.
A3: PRD-B02 | B3: Standing Desk | C3: Furniture | D3: 120 | E3: 85 | F3: OfficePlus Ltd.
A4: PRD-C03 | B4: Ergonomic Chair | C4: Furniture | D4: 75.5 | E4: 140 | F4: OfficePlus Ltd.
A5: PRD-D04 | B5: 4K Monitor | C5: Electronics | D5: 200 | E5: 60 | F5: TechSupply Co.
A6: PRD-E05 | B6: USB Hub | C6: Electronics | D6: 35 | E6: 500 | F6: Gadgets Inc.
A7: PRD-F06 | B7: Notebook (A5) | C7: Stationery | D7: 22 | E7: 1200 | F7: PaperWorld

Sheet Customers
A1: Customer_Name | B1: Customer_Tier | C1: Email | D1: Country | E1: Join_Date | F1: Total_Orders
A2: Alice Johnson | B2: Gold | C2: alice@example.com | D2: USA | E2: 2022-03-10 | F2: 14
A3: Bob Smith | B3: Silver | C3: bob@example.com | D3: USA | E3: 2023-01-15 | F3: 7
A4: Carol White | B4: Bronze | C4: carol@example.com | D4: Canada | E4: 2023-06-01 | F4: 3
A5: David Lee | B5: Gold | C5: david@example.com | D5: UK | E5: 2021-11-20 | F5: 21
A6: Emma Brown | B6: Silver | C6: emma@example.com | D6: USA | E6: 2023-09-05 | F6: 5
A7: Frank Miller | B7: Bronze | C7: frank@example.com | D7: Canada | E7: 2024-01-10 | F7: 2
A8: Grace Kim | B8: Silver | C8: grace@example.com | D8: USA | E8: 2022-07-18 | F8: 9
A9: Henry Jones | B9: Bronze | C9: henry@example.com | D9: UK | E9: 2023-11-03 | F9: 4
A10: Isabel Tan | B10: Gold | C10: isabel@example.com | D10: USA | E10: 2021-05-14 | F10: 18
A11: James Wu | B11: Gold | C11: james@example.com | D11: Canada | E11: 2020-08-22 | F11: 30

Sheet Analysis
A1: SECTION A ─ Basic Functions (SUM, AVERAGE, COUNT, IF)
A2: Metric | B2: Formula Used | C2: Result
A3: Total Orders | B3: =COUNTA(Orders_Raw!A2:A31) -> 30 | C3: =COUNTA(Orders_Raw!A2:A31) -> 30
A4: Total Revenue | B4: =SUMPRODUCT(Orders_Raw!F2:F31,Orders_Raw!G2:G31) -> 18586.42 | C4: =SUMPRODUCT(Orders_Raw!F2:F31,Orders_Raw!G2:G31) -> 18586.42
A5: Average Unit Price | B5: =AVERAGE(Orders_Raw!G2:G31) -> 85.181 | C5: =AVERAGE(Orders_Raw!G2:G31) -> 85.181
A6: Max Order Quantity | B6: =MAX(Orders_Raw!F2:F31) -> 25 | C6: =MAX(Orders_Raw!F2:F31) -> 25
A7: Min Order Quantity | B7: =MIN(Orders_Raw!F2:F31) -> 3 | C7: =MIN(Orders_Raw!F2:F31) -> 3
A8: Shipped Orders | B8: =COUNTIF(Orders_Raw!H2:H31,"Shipped") -> 11 | C8: =COUNTIF(Orders_Raw!H2:H31,"Shipped") -> 11
A9: Pending Orders | B9: =COUNTIF(Orders_Raw!H2:H31,"Pending") -> 7 | C9: =COUNTIF(Orders_Raw!H2:H31,"Pending") -> 7
A10: High-Value Orders (>$1000) | B10: =COUNTIF(Orders_Raw!F2:F31,">"&(1000/Orders_Raw!G2:G31)) -> 1 | C10: =COUNTIF(Orders_Raw!F2:F31,">"&(1000/Orders_Raw!G2:G31)) -> 1
A12: SECTION B ─ IF Function: Order Size Classification
A13: Order_ID | B13: Quantity | C13: Order_Size (IF formula) | D13: Revenue | E13: Revenue_Band (nested IF)
A14: =Orders_Raw!A2 -> ORD-1001 | B14: =Orders_Raw!F2 -> 10 | C14: =IF(Orders_Raw!F2>=10,"Large",IF(Orders_Raw!F2>=5,"Medium","Small")) -> Large | D14: =Orders_Raw!F2*Orders_Raw!G2 -> 499.9 | E14: =IF(Orders_Raw!F2*Orders_Raw!G2>=1000,"High",IF(Orders_Raw!F2*Orders_Raw!G2>=500,"Medium","Low")) -> Low
A15: =Orders_Raw!A3 -> ORD-1002 | B15: =Orders_Raw!F3 -> 5 | C15: =IF(Orders_Raw!F3>=10,"Large",IF(Orders_Raw!F3>=5,"Medium","Small")) -> Medium | D15: =Orders_Raw!F3*Orders_Raw!G3 -> 600 | E15: =IF(Orders_Raw!F3*Orders_Raw!G3>=1000,"High",IF(Orders_Raw!F3*Orders_Raw!G3>=500,"Medium","Low")) -> Medium
A16: =Orders_Raw!A4 -> ORD-1003 | B16: =Orders_Raw!F4 -> 8 | C16: =IF(Orders_Raw!F4>=10,"Large",IF(Orders_Raw!F4>=5,"Medium","Small")) -> Medium | D16: =Orders_Raw!F4*Orders_Raw!G4 -> 604 | E16: =IF(Orders_Raw!F4*Orders_Raw!G4>=1000,"High",IF(Orders_Raw!F4*Orders_Raw!G4>=500,"Medium","Low")) -> Medium
A17: =Orders_Raw!A5 -> ORD-1004 | B17: =Orders_Raw!F5 -> 12 | C17: =IF(Orders_Raw!F5>=10,"Large",IF(Orders_Raw!F5>=5,"Medium","Small")) -> Large | D17: =Orders_Raw!F5*Orders_Raw!G5 -> 599.88 | E17: =IF(Orders_Raw!F5*Orders_Raw!G5>=1000,"High",IF(Orders_Raw!F5*Orders_Raw!G5>=500,"Medium","Low")) -> Medium
A18: =Orders_Raw!A6 -> ORD-1005 | B18: =Orders_Raw!F6 -> 3 | C18: =IF(Orders_Raw!F6>=10,"Large",IF(Orders_Raw!F6>=5,"Medium","Small")) -> Small | D18: =Orders_Raw!F6*Orders_Raw!G6 -> 600 | E18: =IF(Orders_Raw!F6*Orders_Raw!G6>=1000,"High",IF(Orders_Raw!F6*Orders_Raw!G6>=500,"Medium","Low")) -> Medium
A19: =Orders_Raw!A7 -> ORD-1006 | B19: =Orders_Raw!F7 -> 7 | C19: =IF(Orders_Raw!F7>=10,"Large",IF(Orders_Raw!F7>=5,"Medium","Small")) -> Large | D19: =Orders_Raw!F7*Orders_Raw!G7 -> 840 | E19: =IF(Orders_Raw!F7*Orders_Raw!G7>=1000,"High",IF(Orders_Raw!F7*Orders_Raw!G7>=500,"Medium","Low")) -> Medium
A20: =Orders_Raw!A8 -> ORD-1007 | B20: =Orders_Raw!F8 -> 6 | C20: =IF(Orders_Raw!F8>=10,"Large",IF(Orders_Raw!F8>=5,"Medium","Small")) -> Medium | D20: =Orders_Raw!F8*Orders_Raw!G8 -> 453 | E20: =IF(Orders_Raw!F8*Orders_Raw!G8>=1000,"High",IF(Orders_Raw!F8*Orders_Raw!G8>=500,"Medium","Low")) -> Low
A21: =Orders_Raw!A9 -> ORD-1008 | B21: =Orders_Raw!F9 -> 15 | C21: =IF(Orders_Raw!F9>=10,"Large",IF(Orders_Raw!F9>=5,"Medium","Small")) -> Large | D21: =Orders_Raw!F9*Orders_Raw!G9 -> 525 | E21: =IF(Orders_Raw!F9*Orders_Raw!G9>=1000,"High",IF(Orders_Raw!F9*Orders_Raw!G9>=500,"Medium","Low")) -> Medium
A22: =Orders_Raw!A10 -> ORD-1009 | B22: =Orders_Raw!F10 -> 9 | C22: =IF(Orders_Raw!F10>=10,"Large",IF(Orders_Raw!F10>=5,"Medium","Small")) -> Medium | D22: =Orders_Raw!F10*Orders_Raw!G10 -> 449.91 | E22: =IF(Orders_Raw!F10*Orders_Raw!G10>=1000,"High",IF(Orders_Raw!F10*Orders_Raw!G10>=500,"Medium","Low")) -> Low
A23: =Orders_Raw!A11 -> ORD-1010 | B23: =Orders_Raw!F11 -> 4 | C23: =IF(Orders_Raw!F11>=10,"Large",IF(Orders_Raw!F11>=5,"Medium","Small")) -> Small | D23: =Orders_Raw!F11*Orders_Raw!G11 -> 800 | E23: =IF(Orders_Raw!F11*Orders_Raw!G11>=1000,"High",IF(Orders_Raw!F11*Orders_Raw!G11>=500,"Medium","Low")) -> Medium
A25: SECTION C ─ VLOOKUP / XLOOKUP: Enrich Orders with Product Names
A26: Order_ID | B26: Product_ID | C26: Product_Name (VLOOKUP) | D26: Category (XLOOKUP) | E26: Unit_Price_Check (VLOOKUP)
A27: =Orders_Raw!A2 -> ORD-1001 | B27: =Orders_Raw!E2 -> PRD-A01 | C27: =IFERROR(VLOOKUP(Orders_Raw!E2,Products!$A:$F,2,FALSE()),"Not Found") -> Wireless Headphones | D27: =IFERROR(_xludf.xlookup(Orders_Raw!E2,Products!$A:$A,Products!$C:$C,"Not Found"),"Not Found") -> Not Found | E27: =IFERROR(VLOOKUP(Orders_Raw!E2,Products!$A:$F,4,FALSE()),"Not Found") -> 49.99
A28: =Orders_Raw!A3 -> ORD-1002 | B28: =Orders_Raw!E3 -> PRD-B02 | C28: =IFERROR(VLOOKUP(Orders_Raw!E3,Products!$A:$F,2,FALSE()),"Not Found") -> Standing Desk | D28: =IFERROR(_xludf.xlookup(Orders_Raw!E3,Products!$A:$A,Products!$C:$C,"Not Found"),"Not Found") -> Not Found | E28: =IFERROR(VLOOKUP(Orders_Raw!E3,Products!$A:$F,4,FALSE()),"Not Found") -> 120
A29: =Orders_Raw!A4 -> ORD-1003 | B29: =Orders_Raw!E4 -> PRD-C03 | C29: =IFERROR(VLOOKUP(Orders_Raw!E4,Products!$A:$F,2,FALSE()),"Not Found") -> Ergonomic Chair | D29: =IFERROR(_xludf.xlookup(Orders_Raw!E4,Products!$A:$A,Products!$C:$C,"Not Found"),"Not Found") -> Not Found | E29: =IFERROR(VLOOKUP(Orders_Raw!E4,Products!$A:$F,4,FALSE()),"Not Found") -> 75.5
A30: =Orders_Raw!A5 -> ORD-1004 | B30: =Orders_Raw!E5 -> PRD-A01 | C30: =IFERROR(VLOOKUP(Orders_Raw!E5,Products!$A:$F,2,FALSE()),"Not Found") -> Wireless Headphones | D30: =IFERROR(_xludf.xlookup(Orders_Raw!E5,Products!$A:$A,Products!$C:$C,"Not Found"),"Not Found") -> Not Found | E30: =IFERROR(VLOOKUP(Orders_Raw!E5,Products!$A:$F,4,FALSE()),"Not Found") -> 49.99
A31: =Orders_Raw!A6 -> ORD-1005 | B31: =Orders_Raw!E6 -> PRD-D04 | C31: =IFERROR(VLOOKUP(Orders_Raw!E6,Products!$A:$F,2,FALSE()),"Not Found") -> 4K Monitor | D31: =IFERROR(_xludf.xlookup(Orders_Raw!E6,Products!$A:$A,Products!$C:$C,"Not Found"),"Not Found") -> Not Found | E31: =IFERROR(VLOOKUP(Orders_Raw!E6,Products!$A:$F,4,FALSE()),"Not Found") -> 200
A32: =Orders_Raw!A7 -> ORD-1006 | B32: =Orders_Raw!E7 -> PRD-B02 | C32: =IFERROR(VLOOKUP(Orders_Raw!E7,Products!$A:$F,2,FALSE()),"Not Found") -> Standing Desk | D32: =IFERROR(_xludf.xlookup(Orders_Raw!E7,Products!$A:$A,Products!$C:$C,"Not Found"),"Not Found") -> Not Found | E32: =IFERROR(VLOOKUP(Orders_Raw!E7,Products!$A:$F,4,FALSE()),"Not Found") -> 120
A33: =Orders_Raw!A8 -> ORD-1007 | B33: =Orders_Raw!E8 -> PRD-C03 | C33: =IFERROR(VLOOKUP(Orders_Raw!E8,Products!$A:$F,2,FALSE()),"Not Found") -> Ergonomic Chair | D33: =IFERROR(_xludf.xlookup(Orders_Raw!E8,Products!$A:$A,Products!$C:$C,"Not Found"),"Not Found") -> Not Found | E33: =IFERROR(VLOOKUP(Orders_Raw!E8,Products!$A:$F,4,FALSE()),"Not Found") -> 75.5
A34: =Orders_Raw!A9 -> ORD-1008 | B34: =Orders_Raw!E9 -> PRD-E05 | C34: =IFERROR(VLOOKUP(Orders_Raw!E9,Products!$A:$F,2,FALSE()),"Not Found") -> USB Hub | D34: =IFERROR(_xludf.xlookup(Orders_Raw!E9,Products!$A:$A,Products!$C:$C,"Not Found"),"Not Found") -> Not Found | E34: =IFERROR(VLOOKUP(Orders_Raw!E9,Products!$A:$F,4,FALSE()),"Not Found") -> 35
A35: =Orders_Raw!A10 -> ORD-1009 | B35: =Orders_Raw!E10 -> PRD-A01 | C35: =IFERROR(VLOOKUP(Orders_Raw!E10,Products!$A:$F,2,FALSE()),"Not Found") -> Wireless Headphones | D35: =IFERROR(_xludf.xlookup(Orders_Raw!E10,Products!$A:$A,Products!$C:$C,"Not Found"),"Not Found") -> Not Found | E35: =IFERROR(VLOOKUP(Orders_Raw!E10,Products!$A:$F,4,FALSE()),"Not Found") -> 49.99
A36: =Orders_Raw!A11 -> ORD-1010 | B36: =Orders_Raw!E11 -> PRD-D04 | C36: =IFERROR(VLOOKUP(Orders_Raw!E11,Products!$A:$F,2,FALSE()),"Not Found") -> 4K Monitor | D36: =IFERROR(_xludf.xlookup(Orders_Raw!E11,Products!$A:$A,Products!$C:$C,"Not Found"),"Not Found") -> Not Found | E36: =IFERROR(VLOOKUP(Orders_Raw!E11,Products!$A:$F,4,FALSE()),"Not Found") -> 200
